USE [master]
GO
/****** Object:  Database [QLTHUVIEN]    Script Date: 24/05/2021 12:13:13 ******/
CREATE DATABASE [QLTHUVIEN]
/* CONTAINMENT = NONE
 ON  PRIMARY 
( NAME = N'QLTHUVIEN', FILENAME = N'C:\Program Files\Microsoft SQL Server\MSSQL15.SQLEXPRESS\MSSQL\DATA\QLTHUVIEN.mdf' , SIZE = 8192KB , MAXSIZE = UNLIMITED, FILEGROWTH = 65536KB )
 LOG ON 
( NAME = N'QLTHUVIEN_log', FILENAME = N'C:\Program Files\Microsoft SQL Server\MSSQL15.SQLEXPRESS\MSSQL\DATA\QLTHUVIEN_log.ldf' , SIZE = 8192KB , MAXSIZE = 2048GB , FILEGROWTH = 65536KB )
 WITH CATALOG_COLLATION = DATABASE_DEFAULT*/
GO
ALTER DATABASE [QLTHUVIEN] SET COMPATIBILITY_LEVEL = 150
GO
IF (1 = FULLTEXTSERVICEPROPERTY('IsFullTextInstalled'))
begin
EXEC [QLTHUVIEN].[dbo].[sp_fulltext_database] @action = 'enable'
end
GO
ALTER DATABASE [QLTHUVIEN] SET ANSI_NULL_DEFAULT OFF 
GO
ALTER DATABASE [QLTHUVIEN] SET ANSI_NULLS OFF 
GO
ALTER DATABASE [QLTHUVIEN] SET ANSI_PADDING OFF 
GO
ALTER DATABASE [QLTHUVIEN] SET ANSI_WARNINGS OFF 
GO
ALTER DATABASE [QLTHUVIEN] SET ARITHABORT OFF 
GO
ALTER DATABASE [QLTHUVIEN] SET AUTO_CLOSE OFF 
GO
ALTER DATABASE [QLTHUVIEN] SET AUTO_SHRINK OFF 
GO
ALTER DATABASE [QLTHUVIEN] SET AUTO_UPDATE_STATISTICS ON 
GO
ALTER DATABASE [QLTHUVIEN] SET CURSOR_CLOSE_ON_COMMIT OFF 
GO
ALTER DATABASE [QLTHUVIEN] SET CURSOR_DEFAULT  GLOBAL 
GO
ALTER DATABASE [QLTHUVIEN] SET CONCAT_NULL_YIELDS_NULL OFF 
GO
ALTER DATABASE [QLTHUVIEN] SET NUMERIC_ROUNDABORT OFF 
GO
ALTER DATABASE [QLTHUVIEN] SET QUOTED_IDENTIFIER OFF 
GO
ALTER DATABASE [QLTHUVIEN] SET RECURSIVE_TRIGGERS OFF 
GO
ALTER DATABASE [QLTHUVIEN] SET  DISABLE_BROKER 
GO
ALTER DATABASE [QLTHUVIEN] SET AUTO_UPDATE_STATISTICS_ASYNC OFF 
GO
ALTER DATABASE [QLTHUVIEN] SET DATE_CORRELATION_OPTIMIZATION OFF 
GO
ALTER DATABASE [QLTHUVIEN] SET TRUSTWORTHY OFF 
GO
ALTER DATABASE [QLTHUVIEN] SET ALLOW_SNAPSHOT_ISOLATION OFF 
GO
ALTER DATABASE [QLTHUVIEN] SET PARAMETERIZATION SIMPLE 
GO
ALTER DATABASE [QLTHUVIEN] SET READ_COMMITTED_SNAPSHOT OFF 
GO
ALTER DATABASE [QLTHUVIEN] SET HONOR_BROKER_PRIORITY OFF 
GO
ALTER DATABASE [QLTHUVIEN] SET RECOVERY FULL 
GO
ALTER DATABASE [QLTHUVIEN] SET  MULTI_USER 
GO
ALTER DATABASE [QLTHUVIEN] SET PAGE_VERIFY CHECKSUM  
GO
ALTER DATABASE [QLTHUVIEN] SET DB_CHAINING OFF 
GO
ALTER DATABASE [QLTHUVIEN] SET FILESTREAM( NON_TRANSACTED_ACCESS = OFF ) 
GO
ALTER DATABASE [QLTHUVIEN] SET TARGET_RECOVERY_TIME = 60 SECONDS 
GO
ALTER DATABASE [QLTHUVIEN] SET DELAYED_DURABILITY = DISABLED 
GO
ALTER DATABASE [QLTHUVIEN] SET ACCELERATED_DATABASE_RECOVERY = OFF  
GO
ALTER DATABASE [QLTHUVIEN] SET QUERY_STORE = OFF
GO
USE [QLTHUVIEN]
GO
/****** Object:  Table [dbo].[KHOA]    Script Date: 24/05/2021 12:13:13 ******/
SET ANSI_NULLS ON
GO
SET QUOTED_IDENTIFIER ON
GO
CREATE TABLE [dbo].[KHOA](
	[MAKHOA] [nvarchar](50) NOT NULL,
	[TENKHOA] [nvarchar](100) NOT NULL,
 CONSTRAINT [PK_KHOA] PRIMARY KEY CLUSTERED 
(
	[MAKHOA] ASC
)WITH (PAD_INDEX = OFF, STATISTICS_NORECOMPUTE = OFF, IGNORE_DUP_KEY = OFF, ALLOW_ROW_LOCKS = ON, ALLOW_PAGE_LOCKS = ON, OPTIMIZE_FOR_SEQUENTIAL_KEY = OFF) ON [PRIMARY]
) ON [PRIMARY]
GO
/****** Object:  Table [dbo].[LOP]    Script Date: 24/05/2021 12:13:14 ******/
SET ANSI_NULLS ON
GO
SET QUOTED_IDENTIFIER ON
GO
CREATE TABLE [dbo].[LOP](
	[MALOP] [nvarchar](50) NOT NULL,
	[TENLOP] [nvarchar](100) NOT NULL,
	[MAKHOA] [nvarchar](50) NOT NULL,
 CONSTRAINT [PK_LOP] PRIMARY KEY CLUSTERED 
(
	[MALOP] ASC
)WITH (PAD_INDEX = OFF, STATISTICS_NORECOMPUTE = OFF, IGNORE_DUP_KEY = OFF, ALLOW_ROW_LOCKS = ON, ALLOW_PAGE_LOCKS = ON, OPTIMIZE_FOR_SEQUENTIAL_KEY = OFF) ON [PRIMARY]
) ON [PRIMARY]
GO
/****** Object:  Table [dbo].[MUONTRA]    Script Date: 24/05/2021 12:13:14 ******/
SET ANSI_NULLS ON
GO
SET QUOTED_IDENTIFIER ON
GO
CREATE TABLE [dbo].[MUONTRA](
	[MANGUOIDUNG] [nvarchar](50) NOT NULL,
	[MASACH] [nvarchar](50) NOT NULL,
	[NGAYMUON] [date] NOT NULL,
	[HANTRA] [date] NOT NULL,
 CONSTRAINT [PK_MUONSACH] PRIMARY KEY CLUSTERED 
(
	[MANGUOIDUNG] ASC,
	[MASACH] ASC
)WITH (PAD_INDEX = OFF, STATISTICS_NORECOMPUTE = OFF, IGNORE_DUP_KEY = OFF, ALLOW_ROW_LOCKS = ON, ALLOW_PAGE_LOCKS = ON, OPTIMIZE_FOR_SEQUENTIAL_KEY = OFF) ON [PRIMARY]
) ON [PRIMARY]
GO
/****** Object:  Table [dbo].[NGUOIDUNG]    Script Date: 24/05/2021 12:13:14 ******/
SET ANSI_NULLS ON
GO
SET QUOTED_IDENTIFIER ON
GO
CREATE TABLE [dbo].[NGUOIDUNG](
	[MANGUOIDUNG] [nvarchar](50) NOT NULL,
	[MATKHAU] [nvarchar](50) NOT NULL,
	[TENNGUOIDUNG] [nvarchar](50) NULL,
	[GIOITINH] [nvarchar](50) NULL,
	[NGAYSINH] [date] NULL,
	[NGAYDANGKY] [date] NULL,
	[NGAYHETHAN] [date] NULL,
	[DIACHI] [nvarchar](50) NULL,
	[SDT] [nvarchar](10) NULL,
	[EMAIL] [nvarchar](50) NULL,
	[MAVAITRO] [nvarchar](50) NOT NULL,
	[MALOP] [nvarchar](50) NULL,
 CONSTRAINT [PK_DOCGIA] PRIMARY KEY CLUSTERED 
(
	[MANGUOIDUNG] ASC
)WITH (PAD_INDEX = OFF, STATISTICS_NORECOMPUTE = OFF, IGNORE_DUP_KEY = OFF, ALLOW_ROW_LOCKS = ON, ALLOW_PAGE_LOCKS = ON, OPTIMIZE_FOR_SEQUENTIAL_KEY = OFF) ON [PRIMARY]
) ON [PRIMARY]
GO
/****** Object:  Table [dbo].[NHAXUATBAN]    Script Date: 24/05/2021 12:13:14 ******/
SET ANSI_NULLS ON
GO
SET QUOTED_IDENTIFIER ON
GO
CREATE TABLE [dbo].[NHAXUATBAN](
	[MANXB] [nvarchar](50) NOT NULL,
	[TENNXB] [nvarchar](100) NOT NULL,
	[DIACHI] [nvarchar](200) NULL,
 CONSTRAINT [PK_NHAXUATBAN] PRIMARY KEY CLUSTERED 
(
	[MANXB] ASC
)WITH (PAD_INDEX = OFF, STATISTICS_NORECOMPUTE = OFF, IGNORE_DUP_KEY = OFF, ALLOW_ROW_LOCKS = ON, ALLOW_PAGE_LOCKS = ON, OPTIMIZE_FOR_SEQUENTIAL_KEY = OFF) ON [PRIMARY]
) ON [PRIMARY]
GO
/****** Object:  Table [dbo].[SACH]    Script Date: 24/05/2021 12:13:14 ******/
SET ANSI_NULLS ON
GO
SET QUOTED_IDENTIFIER ON
GO
CREATE TABLE [dbo].[SACH](
	[MASACH] [nvarchar](50) NOT NULL,
	[TENSACH] [nvarchar](50) NOT NULL,
	[NGAYNHAP] [date] NOT NULL,
	[GIA] [int] NOT NULL,
	[VITRI] [nvarchar](50) NOT NULL,
	[MATACGIA] [nvarchar](50) NOT NULL,
	[MANXB] [nvarchar](50) NOT NULL,
	[MATHELOAI] [nvarchar](50) NOT NULL,
	[SOLUONGCO] [int] NOT NULL,
	[SOLUONGCON] [int] NOT NULL,
 CONSTRAINT [PK_SACH] PRIMARY KEY CLUSTERED 
(
	[MASACH] ASC
)WITH (PAD_INDEX = OFF, STATISTICS_NORECOMPUTE = OFF, IGNORE_DUP_KEY = OFF, ALLOW_ROW_LOCKS = ON, ALLOW_PAGE_LOCKS = ON, OPTIMIZE_FOR_SEQUENTIAL_KEY = OFF) ON [PRIMARY]
) ON [PRIMARY]
GO
/****** Object:  Table [dbo].[TACGIA]    Script Date: 24/05/2021 12:13:14 ******/
SET ANSI_NULLS ON
GO
SET QUOTED_IDENTIFIER ON
GO
CREATE TABLE [dbo].[TACGIA](
	[MATACGIA] [nvarchar](50) NOT NULL,
	[TENTACGIA] [nvarchar](100) NOT NULL,
	[GHICHU] [nvarchar](200) NULL,
 CONSTRAINT [PK_TACGIA] PRIMARY KEY CLUSTERED 
(
	[MATACGIA] ASC
)WITH (PAD_INDEX = OFF, STATISTICS_NORECOMPUTE = OFF, IGNORE_DUP_KEY = OFF, ALLOW_ROW_LOCKS = ON, ALLOW_PAGE_LOCKS = ON, OPTIMIZE_FOR_SEQUENTIAL_KEY = OFF) ON [PRIMARY]
) ON [PRIMARY]
GO
/****** Object:  Table [dbo].[THELOAI]    Script Date: 24/05/2021 12:13:14 ******/
SET ANSI_NULLS ON
GO
SET QUOTED_IDENTIFIER ON
GO
CREATE TABLE [dbo].[THELOAI](
	[MATHELOAI] [nvarchar](50) NOT NULL,
	[TENTHELOAI] [nvarchar](100) NOT NULL,
	[GHICHU] [nvarchar](500) NULL,
 CONSTRAINT [PK_THELOAI] PRIMARY KEY CLUSTERED 
(
	[MATHELOAI] ASC
)WITH (PAD_INDEX = OFF, STATISTICS_NORECOMPUTE = OFF, IGNORE_DUP_KEY = OFF, ALLOW_ROW_LOCKS = ON, ALLOW_PAGE_LOCKS = ON, OPTIMIZE_FOR_SEQUENTIAL_KEY = OFF) ON [PRIMARY]
) ON [PRIMARY]
GO
/****** Object:  Table [dbo].[VAITRO]    Script Date: 24/05/2021 12:13:14 ******/
SET ANSI_NULLS ON
GO
SET QUOTED_IDENTIFIER ON
GO
CREATE TABLE [dbo].[VAITRO](
	[MAVAITRO] [nvarchar](50) NOT NULL,
	[TENVAITRO] [nvarchar](100) NOT NULL,
 CONSTRAINT [PK_VAITRO] PRIMARY KEY CLUSTERED 
(
	[MAVAITRO] ASC
)WITH (PAD_INDEX = OFF, STATISTICS_NORECOMPUTE = OFF, IGNORE_DUP_KEY = OFF, ALLOW_ROW_LOCKS = ON, ALLOW_PAGE_LOCKS = ON, OPTIMIZE_FOR_SEQUENTIAL_KEY = OFF) ON [PRIMARY]
) ON [PRIMARY]
GO
/****** Object:  Table [dbo].[XULYVIPHAM]    Script Date: 24/05/2021 12:13:14 ******/
SET ANSI_NULLS ON
GO
SET QUOTED_IDENTIFIER ON
GO
CREATE TABLE [dbo].[XULYVIPHAM](
	[MANGUOIDUNG] [nvarchar](50) NOT NULL,
	[PHATQUAHAN] [int] NULL,
	[PHATHONGMAT] [int] NULL,
	[SOLANVIPHAM] [int] NULL,
 CONSTRAINT [PK_XULYVIPHAM] PRIMARY KEY CLUSTERED 
(
	[MANGUOIDUNG] ASC
)WITH (PAD_INDEX = OFF, STATISTICS_NORECOMPUTE = OFF, IGNORE_DUP_KEY = OFF, ALLOW_ROW_LOCKS = ON, ALLOW_PAGE_LOCKS = ON, OPTIMIZE_FOR_SEQUENTIAL_KEY = OFF) ON [PRIMARY]
) ON [PRIMARY]
GO
INSERT [dbo].[KHOA] ([MAKHOA], [TENKHOA]) VALUES (N'ATTT', N'An toàn thông tin')
GO
INSERT [dbo].[KHOA] ([MAKHOA], [TENKHOA]) VALUES (N'CNTT', N'Công nghệ thông tin')
GO
INSERT [dbo].[LOP] ([MALOP], [TENLOP], [MAKHOA]) VALUES (N'D18CQAT01', N'An toàn thông tin 1', N'ATTT')
GO
INSERT [dbo].[LOP] ([MALOP], [TENLOP], [MAKHOA]) VALUES (N'D18CQCN01', N'Công nghệ thông tin 1', N'CNTT')
GO
INSERT [dbo].[LOP] ([MALOP], [TENLOP], [MAKHOA]) VALUES (N'D18CQCN02', N'Công nghệ thông tin 2', N'CNTT')
GO
INSERT [dbo].[LOP] ([MALOP], [TENLOP], [MAKHOA]) VALUES (N'D18CQCN03', N'Công nghệ thông tin 3', N'CNTT')
GO
INSERT [dbo].[MUONTRA] ([MANGUOIDUNG], [MASACH], [NGAYMUON], [HANTRA]) VALUES (N'D1', N'S1', CAST(N'2021-03-05' AS Date), CAST(N'2021-04-05' AS Date))
GO
INSERT [dbo].[MUONTRA] ([MANGUOIDUNG], [MASACH], [NGAYMUON], [HANTRA]) VALUES (N'D1', N'S2', CAST(N'2021-03-05' AS Date), CAST(N'2021-04-05' AS Date))
GO
INSERT [dbo].[MUONTRA] ([MANGUOIDUNG], [MASACH], [NGAYMUON], [HANTRA]) VALUES (N'D2', N'S1', CAST(N'2021-03-05' AS Date), CAST(N'2021-04-05' AS Date))
GO
INSERT [dbo].[MUONTRA] ([MANGUOIDUNG], [MASACH], [NGAYMUON], [HANTRA]) VALUES (N'D2', N'S3', CAST(N'2021-03-05' AS Date), CAST(N'2021-04-05' AS Date))
GO
INSERT [dbo].[MUONTRA] ([MANGUOIDUNG], [MASACH], [NGAYMUON], [HANTRA]) VALUES (N'D4', N'S4', CAST(N'2021-03-05' AS Date), CAST(N'2021-04-05' AS Date))
GO
INSERT [dbo].[NGUOIDUNG] ([MANGUOIDUNG], [MATKHAU], [TENNGUOIDUNG], [GIOITINH], [NGAYSINH], [NGAYDANGKY], [NGAYHETHAN], [DIACHI], [SDT], [EMAIL], [MAVAITRO], [MALOP]) VALUES (N'123', N'123', N'123', N'Nam', CAST(N'2015-05-14' AS Date), CAST(N'2021-05-09' AS Date), CAST(N'2025-05-09' AS Date), N'', N'', N'', N'VT01', NULL)
GO
INSERT [dbo].[NGUOIDUNG] ([MANGUOIDUNG], [MATKHAU], [TENNGUOIDUNG], [GIOITINH], [NGAYSINH], [NGAYDANGKY], [NGAYHETHAN], [DIACHI], [SDT], [EMAIL], [MAVAITRO], [MALOP]) VALUES (N'aaa', N'aaa', N'Phúc', N'Nam', NULL, CAST(N'2021-05-08' AS Date), CAST(N'2025-05-08' AS Date), N'', N'0123456789', N'abc@gmail.com', N'VT01', NULL)
GO
INSERT [dbo].[NGUOIDUNG] ([MANGUOIDUNG], [MATKHAU], [TENNGUOIDUNG], [GIOITINH], [NGAYSINH], [NGAYDANGKY], [NGAYHETHAN], [DIACHI], [SDT], [EMAIL], [MAVAITRO], [MALOP]) VALUES (N'D1', N'D1', N'Trinh', N'Nữ', NULL, CAST(N'2018-06-01' AS Date), CAST(N'2022-06-01' AS Date), N'Quận 12, TP. HCM', N'0396311734', N'reintrinh1306@gmail.com', N'VT01', N'D18CQCN03')
GO
INSERT [dbo].[NGUOIDUNG] ([MANGUOIDUNG], [MATKHAU], [TENNGUOIDUNG], [GIOITINH], [NGAYSINH], [NGAYDANGKY], [NGAYHETHAN], [DIACHI], [SDT], [EMAIL], [MAVAITRO], [MALOP]) VALUES (N'd10', N'd10', N'Aaaa', N'Nam', NULL, CAST(N'2021-05-08' AS Date), CAST(N'2025-05-08' AS Date), N'', N'0999999999', N'', N'VT01', N'D18CQCN02')
GO
INSERT [dbo].[NGUOIDUNG] ([MANGUOIDUNG], [MATKHAU], [TENNGUOIDUNG], [GIOITINH], [NGAYSINH], [NGAYDANGKY], [NGAYHETHAN], [DIACHI], [SDT], [EMAIL], [MAVAITRO], [MALOP]) VALUES (N'd14', N'd14', N'Ashda', N'Nam', NULL, CAST(N'2021-05-08' AS Date), CAST(N'2025-05-08' AS Date), N'', N'', N'', N'VT01', N'D18CQAT01')
GO
INSERT [dbo].[NGUOIDUNG] ([MANGUOIDUNG], [MATKHAU], [TENNGUOIDUNG], [GIOITINH], [NGAYSINH], [NGAYDANGKY], [NGAYHETHAN], [DIACHI], [SDT], [EMAIL], [MAVAITRO], [MALOP]) VALUES (N'd15', N'd15', N'Ashda', N'Nam', NULL, CAST(N'2021-05-08' AS Date), CAST(N'2025-05-08' AS Date), N'', N'', N'', N'VT01', N'D18CQAT01')
GO
INSERT [dbo].[NGUOIDUNG] ([MANGUOIDUNG], [MATKHAU], [TENNGUOIDUNG], [GIOITINH], [NGAYSINH], [NGAYDANGKY], [NGAYHETHAN], [DIACHI], [SDT], [EMAIL], [MAVAITRO], [MALOP]) VALUES (N'd17', N'd17', N'Ashda', N'Nam', NULL, CAST(N'2021-05-08' AS Date), CAST(N'2025-05-08' AS Date), N'', N'', N'', N'VT01', N'D18CQCN02')
GO
INSERT [dbo].[NGUOIDUNG] ([MANGUOIDUNG], [MATKHAU], [TENNGUOIDUNG], [GIOITINH], [NGAYSINH], [NGAYDANGKY], [NGAYHETHAN], [DIACHI], [SDT], [EMAIL], [MAVAITRO], [MALOP]) VALUES (N'd18', N'd18', N'Ashda', N'Nam', NULL, CAST(N'2021-05-08' AS Date), CAST(N'2025-05-08' AS Date), N'', N'', N'', N'VT01', N'D18CQCN01')
GO
INSERT [dbo].[NGUOIDUNG] ([MANGUOIDUNG], [MATKHAU], [TENNGUOIDUNG], [GIOITINH], [NGAYSINH], [NGAYDANGKY], [NGAYHETHAN], [DIACHI], [SDT], [EMAIL], [MAVAITRO], [MALOP]) VALUES (N'D2', N'D2', N'Mơ', N'Nữ', CAST(N'2000-01-01' AS Date), NULL, NULL, NULL, N'0396311733', N'123@gmail.com', N'VT03', NULL)
GO
INSERT [dbo].[NGUOIDUNG] ([MANGUOIDUNG], [MATKHAU], [TENNGUOIDUNG], [GIOITINH], [NGAYSINH], [NGAYDANGKY], [NGAYHETHAN], [DIACHI], [SDT], [EMAIL], [MAVAITRO], [MALOP]) VALUES (N'D3', N'D3', N'Như', N'Nữ', NULL, NULL, NULL, NULL, NULL, NULL, N'VT02', NULL)
GO
INSERT [dbo].[NGUOIDUNG] ([MANGUOIDUNG], [MATKHAU], [TENNGUOIDUNG], [GIOITINH], [NGAYSINH], [NGAYDANGKY], [NGAYHETHAN], [DIACHI], [SDT], [EMAIL], [MAVAITRO], [MALOP]) VALUES (N'D4', N'D4', N'Tuấn', N'Nam', NULL, NULL, NULL, NULL, NULL, NULL, N'VT04', NULL)
GO
INSERT [dbo].[NGUOIDUNG] ([MANGUOIDUNG], [MATKHAU], [TENNGUOIDUNG], [GIOITINH], [NGAYSINH], [NGAYDANGKY], [NGAYHETHAN], [DIACHI], [SDT], [EMAIL], [MAVAITRO], [MALOP]) VALUES (N'D5', N'D5', N'Tùng', N'Nam', NULL, NULL, NULL, NULL, NULL, NULL, N'VT05', NULL)
GO
INSERT [dbo].[NHAXUATBAN] ([MANXB], [TENNXB], [DIACHI]) VALUES (N'NXB1', N'Kim Đồng', NULL)
GO
INSERT [dbo].[NHAXUATBAN] ([MANXB], [TENNXB], [DIACHI]) VALUES (N'NXB2', N'Trẻ', NULL)
GO
INSERT [dbo].[NHAXUATBAN] ([MANXB], [TENNXB], [DIACHI]) VALUES (N'NXB3', N'Thanh Xuân', NULL)
GO
INSERT [dbo].[NHAXUATBAN] ([MANXB], [TENNXB], [DIACHI]) VALUES (N'NXB4', N'Hà Nội', NULL)
GO
INSERT [dbo].[SACH] ([MASACH], [TENSACH], [NGAYNHAP], [GIA], [VITRI], [MATACGIA], [MANXB], [MATHELOAI], [SOLUONGCO], [SOLUONGCON]) VALUES (N'S1', N'Mononoke Princess', CAST(N'2021-03-05' AS Date), 50000, N'I don''t know', N'TG01', N'NXB1', N'TL03', 10, 10)
GO
INSERT [dbo].[SACH] ([MASACH], [TENSACH], [NGAYNHAP], [GIA], [VITRI], [MATACGIA], [MANXB], [MATHELOAI], [SOLUONGCO], [SOLUONGCON]) VALUES (N'S2', N'Castle in the sky', CAST(N'2021-03-05' AS Date), 50000, N'I don''t know', N'TG03', N'NXB1', N'TL02', 10, 10)
GO
INSERT [dbo].[SACH] ([MASACH], [TENSACH], [NGAYNHAP], [GIA], [VITRI], [MATACGIA], [MANXB], [MATHELOAI], [SOLUONGCO], [SOLUONGCON]) VALUES (N'S3', N'Spirited away', CAST(N'2021-03-05' AS Date), 50000, N'I don''t know', N'TG02', N'NXB3', N'TL03', 10, 10)
GO
INSERT [dbo].[SACH] ([MASACH], [TENSACH], [NGAYNHAP], [GIA], [VITRI], [MATACGIA], [MANXB], [MATHELOAI], [SOLUONGCO], [SOLUONGCON]) VALUES (N'S4', N'My Neighbor Totoro', CAST(N'2021-03-05' AS Date), 50000, N'I don''t know', N'TG02', N'NXB4', N'TL01', 10, 10)
GO
INSERT [dbo].[SACH] ([MASACH], [TENSACH], [NGAYNHAP], [GIA], [VITRI], [MATACGIA], [MANXB], [MATHELOAI], [SOLUONGCO], [SOLUONGCON]) VALUES (N'S5', N'Ponyo', CAST(N'2021-03-05' AS Date), 50000, N'I don''t know', N'TG03', N'NXB2', N'TL01', 10, 10)
GO
INSERT [dbo].[TACGIA] ([MATACGIA], [TENTACGIA], [GHICHU]) VALUES (N'TG01', N'Vũ Trọng Phụng', NULL)
GO
INSERT [dbo].[TACGIA] ([MATACGIA], [TENTACGIA], [GHICHU]) VALUES (N'TG02', N'Vu Triết', NULL)
GO
INSERT [dbo].[TACGIA] ([MATACGIA], [TENTACGIA], [GHICHU]) VALUES (N'TG03', N'Dịch Nhân Bắc', NULL)
GO
INSERT [dbo].[THELOAI] ([MATHELOAI], [TENTHELOAI], [GHICHU]) VALUES (N'TL01', N'Anime', NULL)
GO
INSERT [dbo].[THELOAI] ([MATHELOAI], [TENTHELOAI], [GHICHU]) VALUES (N'TL02', N'Light novel', NULL)
GO
INSERT [dbo].[THELOAI] ([MATHELOAI], [TENTHELOAI], [GHICHU]) VALUES (N'TL03', N'BL', NULL)
GO
INSERT [dbo].[VAITRO] ([MAVAITRO], [TENVAITRO]) VALUES (N'VT01', N'Độc giả')
GO
INSERT [dbo].[VAITRO] ([MAVAITRO], [TENVAITRO]) VALUES (N'VT02', N'Thủ thư')
GO
INSERT [dbo].[VAITRO] ([MAVAITRO], [TENVAITRO]) VALUES (N'VT03', N'Nhân viên')
GO
INSERT [dbo].[VAITRO] ([MAVAITRO], [TENVAITRO]) VALUES (N'VT04', N'Trưởng thư viện')
GO
INSERT [dbo].[VAITRO] ([MAVAITRO], [TENVAITRO]) VALUES (N'VT05', N'Quản trị')
GO
INSERT [dbo].[XULYVIPHAM] ([MANGUOIDUNG], [PHATQUAHAN], [PHATHONGMAT], [SOLANVIPHAM]) VALUES (N'D1', 2000, 50000, 2)
GO
ALTER TABLE [dbo].[LOP]  WITH CHECK ADD  CONSTRAINT [FK_LOP_KHOA] FOREIGN KEY([MAKHOA])
REFERENCES [dbo].[KHOA] ([MAKHOA])
ON UPDATE CASCADE
GO
ALTER TABLE [dbo].[LOP] CHECK CONSTRAINT [FK_LOP_KHOA]
GO
ALTER TABLE [dbo].[MUONTRA]  WITH CHECK ADD  CONSTRAINT [FK_MUONTRA_NGUOIDUNG] FOREIGN KEY([MANGUOIDUNG])
REFERENCES [dbo].[NGUOIDUNG] ([MANGUOIDUNG])
ON UPDATE CASCADE
GO
ALTER TABLE [dbo].[MUONTRA] CHECK CONSTRAINT [FK_MUONTRA_NGUOIDUNG]
GO
ALTER TABLE [dbo].[MUONTRA]  WITH CHECK ADD  CONSTRAINT [FK_MUONTRA_SACH] FOREIGN KEY([MASACH])
REFERENCES [dbo].[SACH] ([MASACH])
ON UPDATE CASCADE
GO
ALTER TABLE [dbo].[MUONTRA] CHECK CONSTRAINT [FK_MUONTRA_SACH]
GO
ALTER TABLE [dbo].[NGUOIDUNG]  WITH CHECK ADD  CONSTRAINT [FK_NGUOIDUNG_LOP] FOREIGN KEY([MALOP])
REFERENCES [dbo].[LOP] ([MALOP])
ON UPDATE CASCADE
GO
ALTER TABLE [dbo].[NGUOIDUNG] CHECK CONSTRAINT [FK_NGUOIDUNG_LOP]
GO
ALTER TABLE [dbo].[NGUOIDUNG]  WITH CHECK ADD  CONSTRAINT [FK_NGUOIDUNG_VAITRO] FOREIGN KEY([MAVAITRO])
REFERENCES [dbo].[VAITRO] ([MAVAITRO])
ON UPDATE CASCADE
GO
ALTER TABLE [dbo].[NGUOIDUNG] CHECK CONSTRAINT [FK_NGUOIDUNG_VAITRO]
GO
ALTER TABLE [dbo].[SACH]  WITH CHECK ADD  CONSTRAINT [FK_SACH_NHAXUATBAN] FOREIGN KEY([MANXB])
REFERENCES [dbo].[NHAXUATBAN] ([MANXB])
ON UPDATE CASCADE
GO
ALTER TABLE [dbo].[SACH] CHECK CONSTRAINT [FK_SACH_NHAXUATBAN]
GO
ALTER TABLE [dbo].[SACH]  WITH CHECK ADD  CONSTRAINT [FK_SACH_TACGIA] FOREIGN KEY([MATACGIA])
REFERENCES [dbo].[TACGIA] ([MATACGIA])
ON UPDATE CASCADE
GO
ALTER TABLE [dbo].[SACH] CHECK CONSTRAINT [FK_SACH_TACGIA]
GO
ALTER TABLE [dbo].[SACH]  WITH CHECK ADD  CONSTRAINT [FK_SACH_THELOAI] FOREIGN KEY([MATHELOAI])
REFERENCES [dbo].[THELOAI] ([MATHELOAI])
ON UPDATE CASCADE
GO
ALTER TABLE [dbo].[SACH] CHECK CONSTRAINT [FK_SACH_THELOAI]
GO
ALTER TABLE [dbo].[XULYVIPHAM]  WITH CHECK ADD  CONSTRAINT [FK_XULYVIPHAM_NGUOIDUNG] FOREIGN KEY([MANGUOIDUNG])
REFERENCES [dbo].[NGUOIDUNG] ([MANGUOIDUNG])
ON UPDATE CASCADE
GO
ALTER TABLE [dbo].[XULYVIPHAM] CHECK CONSTRAINT [FK_XULYVIPHAM_NGUOIDUNG]
GO
USE [master]
GO
ALTER DATABASE [QLTHUVIEN] SET  READ_WRITE 
GO
